random reward,always migrate reward,eval reward,q_value_loss,training average rewards: 
2297.2187775921693,1582.8023407602295,-2321.897,61.690598,-2271.317
2267.007333417873,1586.2116434755735,-1155.7689,62.010967,-2266.9756
